{"lastadapter":{"Beginner’s Test for Infinite Power":{"genre":"{\"Romance\", \"Comedy\"}","comicimage":"https://firebasestorage.googleapis.com/v0/b/twilightscans-9660c.appspot.com/o/50117.webp?alt=media&token=ab74df14-6ecc-4719-96e4-e7c4ae3ec1e0","comichalfcover":"","index":1,"noofchapters":18,"comicname":"Beginner’s Test for Infinite Power","comicdescription":"Simon, the prince of the Finsphener kingdom, loses his relatives due to the schemes of a trusted aide. He was lucky enough to escape with his sister and was taken in by a knight as an adopted son. However, on one fateful day, Simon’s new family was massacred, and his sister disappears. Simon begins the journey of revenge and searches for traces of his missing sister. Can he succeed in revenge against Cavity, the once-trusted aide, and regain his title as the rightful heir of the throne?"},"Crazy Professor System":{"comicdescription":"On the return of Ning Fan’s rebirth, originally the youngest S-level talented teacher, but was assigned to the school’s worst D-class.","genre":"{\"Romance\", \"Comedy\"}","comicimage":"https://firebasestorage.googleapis.com/v0/b/twilightscans-9660c.appspot.com/o/46849-e1593285172999.webp?alt=media&token=d70645f6-eaf8-4d7a-ba7b-dc6ac1386762","comichalfcover":"","index":2,"noofchapters":64,"comicname":"Crazy Professor System"},"Spicy Female Boss":{"comicname":"Spicy Female Boss","comicdescription":"Jiang xiao long had just graduated from university and is a normal worker in the company, but this time he found the keys of his boss, the goddess gong mei ting, and found this “other side” of this female boss that no one knows about. after finding this out, jiang xiao long had many interesting encounters with this female boss and his life started to change.","genre":"Romance, Comedy, Drama","comicimage":"https://firebasestorage.googleapis.com/v0/b/twilightscans-9660c.appspot.com/o/50081.webp?alt=media&token=55c089ac-737b-4d00-86f7-2c61b6a6715d","comichalfcover":"","index":3,"noofchapters":8},"Target: 100 Million Points! The Ultimate Game to Start a 2nd Life!":{"comicdescription":"Xie Yu kept himself closed because of the death of his friend, immersed in the game world, until one day a mobile game called the ultimate game appeared on his mobile phone, when he learned that the game can achieve all the wishes, even the dead Can be resurrected, with 100 million points as the goal, and the second life of the dead house begins!","genre":"Action","comicimage":"https://firebasestorage.googleapis.com/v0/b/twilightscans-9660c.appspot.com/o/46935-e1593284632522.webp?alt=media&token=5d22106f-2421-404a-aa5f-d8d321b480cd","comichalfcover":"","genreq":["Action","Romance","Comedy"],"index":5,"noofchapters":21,"comicname":"Target: 100 Million Points! The Ultimate Game to Start a 2nd Life!"},"The First Hunter":{"noofchapters":9,"comicname":"The First Hunter","comicdescription":"One day the world perished, and a group of monsters emerged to control the whole world. In this eschatology, a group of people awakened and each acquired different special abilities. They are constantly escalating in the struggle, trying to save the world. The infinite chaos mode of the Daguai upgrade will be opened soon …","genre":"Action","comicimage":"https://firebasestorage.googleapis.com/v0/b/twilightscans-9660c.appspot.com/o/48469-e1593284602883.webp?alt=media&token=bb788999-e9bb-4e2a-b2f7-19c345f255de","comichalfcover":"","index":4},"Villain Initialization":{"noofchapters":4,"comicname":"Villain Initialization","comicdescription":"Ling Chen lived as a villain for 35 years, but in the final battle with the hero Ye Muxue, he \"initialized\" reset-reborn back to 17! what? Do you think he wants to be human again? Less talk! Of course, it's time to kill Ye Mu, who wasn't super powered at that time!","genre":"{\"Romance\", \"Shoujo\"}","comicimage":"https://firebasestorage.googleapis.com/v0/b/twilightscans-9660c.appspot.com/o/45457_110x147.png?alt=media&token=f3251903-e338-4024-bb8e-957b2107e410","comichalfcover":"https://drive.google.com/open?id=1So3OBcxRfl4Mv7u0Dn6zjyKabZrT0RdI","index":0}}}