{
  "test" : {
    "first-key" : {
      "email"   : "dungnq@itbox4vn.com",
      "website" : "dalenguyen.me",
      "custom"  : {
        "firstName" : "Dale",
        "lastName"  : "Nguyen"
      },
      "date": {
        "_seconds":1534046400,
        "_nanoseconds":0
      },
      "Location": {
        "_latitude": 49.290683,
        "_longitude": -123.133956
      }
    },
    "second-key" : {
      "email"   : "test@dalenguyen.me",
      "website" : "google.com",
      "custom"  : {
        "firstName" : "Harry",
        "lastName"  : "Potter"
      },
      "date": {
        "_seconds":1534262435,
        "_nanoseconds":0
      },
      "Location": {
        "_latitude": 49.290683,
        "_longitude": -123.133956
      }
    }
  }
}
